{
    "metrics": {
        "data_sent": {
            "rate": 828.6098189474393,
            "count": 25200
        },
        "http_req_tls_handshaking": {
            "p(95)": 0,
            "avg": 0,
            "min": 0,
            "med": 0,
            "max": 0,
            "p(90)": 0
        },
        "http_req_failed": {
            "passes": 0,
            "fails": 300,
            "value": 0
        },
        "http_req_duration{expected_response:true}": {
            "avg": 2.7439403333333328,
            "min": 0,
            "med": 2.002,
            "max": 29.1749,
            "p(90)": 4.824840000000001,
            "p(95)": 9.789040000000012
        },
        "iteration_duration": {
            "p(95)": 1029.9963850000001,
            "avg": 1011.8445673333333,
            "min": 1000.6492,
            "med": 1009.48975,
            "max": 1065.6142,
            "p(90)": 1022.05299
        },
        "http_req_duration": {
            "med": 2.002,
            "max": 29.1749,
            "p(90)": 4.824840000000001,
            "p(95)": 9.789040000000012,
            "avg": 2.7439403333333328,
            "min": 0
        },
        "vus": {
            "value": 10,
            "min": 10,
            "max": 10
        },
        "http_req_sending": {
            "p(90)": 0,
            "p(95)": 0,
            "avg": 0.05092233333333333,
            "min": 0,
            "med": 0,
            "max": 5.1145
        },
        "http_reqs": {
            "count": 300,
            "rate": 9.864402606517135
        },
        "iterations": {
            "count": 300,
            "rate": 9.864402606517135
        },
        "vus_max": {
            "max": 10,
            "value": 10,
            "min": 10
        },
        "data_received": {
            "rate": 2268.812599498941,
            "count": 69000
        },
        "http_req_connecting": {
            "p(95)": 0,
            "avg": 0.18880266666666667,
            "min": 0,
            "med": 0,
            "max": 8.9145,
            "p(90)": 0
        },
        "http_req_waiting": {
            "p(90)": 4.5842,
            "p(95)": 6.398700000000032,
            "avg": 2.473708666666668,
            "min": 0,
            "med": 1.7110500000000002,
            "max": 19.7445
        },
        "http_req_receiving": {
            "med": 0,
            "max": 28.6583,
            "p(90)": 0.51042,
            "p(95)": 0.5368400000000001,
            "avg": 0.21930933333333327,
            "min": 0
        },
        "http_req_blocked": {
            "max": 38.6297,
            "p(90)": 0,
            "p(95)": 0,
            "avg": 1.169963,
            "min": 0,
            "med": 0
        }
    },
    "root_group": {
        "path": "",
        "id": "d41d8cd98f00b204e9800998ecf8427e",
        "groups": {},
        "checks": {},
        "name": ""
    }
}